{"stats":{"minecraft:dropped":{"minecraft:peony":2},"minecraft:picked_up":{"minecraft:peony":2},"minecraft:custom":{"minecraft:jump":73,"minecraft:time_since_rest":2051,"minecraft:crouch_one_cm":3,"minecraft:deaths":4,"minecraft:sprint_one_cm":12876,"minecraft:play_time":10694,"minecraft:damage_taken":1045,"minecraft:time_since_death":0,"minecraft:walk_one_cm":9059,"minecraft:sneak_time":7,"minecraft:total_world_time":10694,"minecraft:drop":1,"minecraft:fall_one_cm":3337,"minecraft:fly_one_cm":7690},"minecraft:mined":{"minecraft:fire":13,"minecraft:oak_leaves":2},"minecraft:killed_by":{"minecraft:skeleton":1}},"DataVersion":3465}